{"cameraMode":{"drawMode":0,"name":"Shaded","section":"Shading Mode"},"sceneLighting":false,"audioPlay":false,"sceneViewState":{"m_AlwaysRefresh":false,"showFog":true,"showSkybox":false,"showFlares":true,"showImageEffects":true,"showParticleSystems":true,"showVisualEffectGraphs":true,"m_FxEnabled":true},"in2DMode":false,"pivot":{"x":-0.05265188217163086,"y":-1.0744402408599854,"z":0.7922271490097046},"rotation":{"x":-0.024822603911161424,"y":0.5609451532363892,"z":-0.016841484233736993,"w":-0.8273559212684631},"size":5.091475963592529,"orthographic":true}