{"cameraMode":{"drawMode":0,"name":"Shaded","section":"Shading Mode"},"sceneLighting":false,"audioPlay":false,"sceneViewState":{"m_AlwaysRefresh":false,"showFog":true,"showSkybox":false,"showFlares":true,"showImageEffects":true,"showParticleSystems":true,"showVisualEffectGraphs":true,"m_FxEnabled":true},"in2DMode":false,"pivot":{"x":0.15787914395332337,"y":2.6962828636169435,"z":-0.7080855369567871},"rotation":{"x":0.004703583661466837,"y":0.99151611328125,"z":-0.12439759820699692,"w":0.03749794512987137},"size":3.35005259513855,"orthographic":false}